country,link
Afghanistan,www.worldometers.info/world-population/afghanistan-population/
Albania,www.worldometers.info/world-population/albania-population/
Algeria,www.worldometers.info/world-population/algeria-population/
American Samoa,www.worldometers.info/world-population/american-samoa-population/
Andorra,www.worldometers.info/world-population/andorra-population/
Angola,www.worldometers.info/world-population/angola-population/
Anguilla,www.worldometers.info/world-population/anguilla-population/
Antigua and Barbuda,www.worldometers.info/world-population/antigua-and-barbuda-population/
Argentina,www.worldometers.info/world-population/argentina-population/
Armenia,www.worldometers.info/world-population/armenia-population/
Aruba,www.worldometers.info/world-population/aruba-population/
Australia,www.worldometers.info/world-population/australia-population/
Austria,www.worldometers.info/world-population/austria-population/
Azerbaijan,www.worldometers.info/world-population/azerbaijan-population/
Bahamas,www.worldometers.info/world-population/bahamas-population/
Bahrain,www.worldometers.info/world-population/bahrain-population/
Bangladesh,www.worldometers.info/world-population/bangladesh-population/
Barbados,www.worldometers.info/world-population/barbados-population/
Belarus,www.worldometers.info/world-population/belarus-population/
Belgium,www.worldometers.info/world-population/belgium-population/
Belize,www.worldometers.info/world-population/belize-population/
Benin,www.worldometers.info/world-population/benin-population/
Bermuda,www.worldometers.info/world-population/bermuda-population/
Bhutan,www.worldometers.info/world-population/bhutan-population/
Bolivia,www.worldometers.info/world-population/bolivia-population/
Bosnia and Herzegovina,www.worldometers.info/world-population/bosnia-and-herzegovina-population/
Botswana,www.worldometers.info/world-population/botswana-population/
Brazil,www.worldometers.info/world-population/brazil-population/
British Virgin Islands,www.worldometers.info/world-population/british-virgin-islands-population/
Brunei,www.worldometers.info/world-population/brunei-darussalam-population/
Bulgaria,www.worldometers.info/world-population/bulgaria-population/
Burkina Faso,www.worldometers.info/world-population/burkina-faso-population/
Burundi,www.worldometers.info/world-population/burundi-population/
Cabo Verde,www.worldometers.info/world-population/cabo-verde-population/
Cambodia,www.worldometers.info/world-population/cambodia-population/
Cameroon,www.worldometers.info/world-population/cameroon-population/
Canada,www.worldometers.info/world-population/canada-population/
Caribbean Netherlands,www.worldometers.info/world-population/caribbean-netherlands-population/
Cayman Islands,www.worldometers.info/world-population/cayman-islands-population/
Central African Republic,www.worldometers.info/world-population/central-african-republic-population/
Chad,www.worldometers.info/world-population/chad-population/
Channel Islands,www.worldometers.info/world-population/channel-islands-population/
Chile,www.worldometers.info/world-population/chile-population/
China,www.worldometers.info/world-population/china-population/
Colombia,www.worldometers.info/world-population/colombia-population/
Comoros,www.worldometers.info/world-population/comoros-population/
Congo,www.worldometers.info/world-population/congo-population/
Cook Islands,www.worldometers.info/world-population/cook-islands-population/
Costa Rica,www.worldometers.info/world-population/costa-rica-population/
Croatia,www.worldometers.info/world-population/croatia-population/
Cuba,www.worldometers.info/world-population/cuba-population/
Curaçao,www.worldometers.info/world-population/curacao-population/
Cyprus,www.worldometers.info/world-population/cyprus-population/
Czechia,www.worldometers.info/world-population/czech-republic-population/
Côte d'Ivoire,www.worldometers.info/world-population/cote-d-ivoire-population/
Denmark,www.worldometers.info/world-population/denmark-population/
Djibouti,www.worldometers.info/world-population/djibouti-population/
Dominica,www.worldometers.info/world-population/dominica-population/
Dominican Republic,www.worldometers.info/world-population/dominican-republic-population/
DR Congo,www.worldometers.info/world-population/democratic-republic-of-the-congo-population/
Ecuador,www.worldometers.info/world-population/ecuador-population/
Egypt,www.worldometers.info/world-population/egypt-population/
El Salvador,www.worldometers.info/world-population/el-salvador-population/
Equatorial Guinea,www.worldometers.info/world-population/equatorial-guinea-population/
Eritrea,www.worldometers.info/world-population/eritrea-population/
Estonia,www.worldometers.info/world-population/estonia-population/
Ethiopia,www.worldometers.info/world-population/ethiopia-population/
Faeroe Islands,www.worldometers.info/world-population/faeroe-islands-population/
Falkland Islands,www.worldometers.info/world-population/falkland-islands-malvinas-population/
Fiji,www.worldometers.info/world-population/fiji-population/
Finland,www.worldometers.info/world-population/finland-population/
France,www.worldometers.info/world-population/france-population/
French Guiana,www.worldometers.info/world-population/french-guiana-population/
French Polynesia,www.worldometers.info/world-population/french-polynesia-population/
Gabon,www.worldometers.info/world-population/gabon-population/
Gambia,www.worldometers.info/world-population/gambia-population/
Georgia,www.worldometers.info/world-population/georgia-population/
Germany,www.worldometers.info/world-population/germany-population/
Ghana,www.worldometers.info/world-population/ghana-population/
Gibraltar,www.worldometers.info/world-population/gibraltar-population/
Greece,www.worldometers.info/world-population/greece-population/
Greenland,www.worldometers.info/world-population/greenland-population/
Grenada,www.worldometers.info/world-population/grenada-population/
Guadeloupe,www.worldometers.info/world-population/guadeloupe-population/
Guam,www.worldometers.info/world-population/guam-population/
Guatemala,www.worldometers.info/world-population/guatemala-population/
Guinea,www.worldometers.info/world-population/guinea-population/
Guinea-Bissau,www.worldometers.info/world-population/guinea-bissau-population/
Guyana,www.worldometers.info/world-population/guyana-population/
Haiti,www.worldometers.info/world-population/haiti-population/
Holy See,www.worldometers.info/world-population/holy-see-population/
Honduras,www.worldometers.info/world-population/honduras-population/
Hong Kong,www.worldometers.info/world-population/china-hong-kong-sar-population/
Hungary,www.worldometers.info/world-population/hungary-population/
Iceland,www.worldometers.info/world-population/iceland-population/
India,www.worldometers.info/world-population/india-population/
Indonesia,www.worldometers.info/world-population/indonesia-population/
Iran,www.worldometers.info/world-population/iran-population/
Iraq,www.worldometers.info/world-population/iraq-population/
Ireland,www.worldometers.info/world-population/ireland-population/
Isle of Man,www.worldometers.info/world-population/isle-of-man-population/
Israel,www.worldometers.info/world-population/israel-population/
Italy,www.worldometers.info/world-population/italy-population/
Jamaica,www.worldometers.info/world-population/jamaica-population/
Japan,www.worldometers.info/world-population/japan-population/
Jordan,www.worldometers.info/world-population/jordan-population/
Kazakhstan,www.worldometers.info/world-population/kazakhstan-population/
Kenya,www.worldometers.info/world-population/kenya-population/
Kiribati,www.worldometers.info/world-population/kiribati-population/
Kuwait,www.worldometers.info/world-population/kuwait-population/
Kyrgyzstan,www.worldometers.info/world-population/kyrgyzstan-population/
Laos,www.worldometers.info/world-population/laos-population/
Latvia,www.worldometers.info/world-population/latvia-population/
Lebanon,www.worldometers.info/world-population/lebanon-population/
Lesotho,www.worldometers.info/world-population/lesotho-population/
Liberia,www.worldometers.info/world-population/liberia-population/
Libya,www.worldometers.info/world-population/libya-population/
Liechtenstein,www.worldometers.info/world-population/liechtenstein-population/
Lithuania,www.worldometers.info/world-population/lithuania-population/
Luxembourg,www.worldometers.info/world-population/luxembourg-population/
Macao,www.worldometers.info/world-population/china-macao-sar-population/
Madagascar,www.worldometers.info/world-population/madagascar-population/
Malawi,www.worldometers.info/world-population/malawi-population/
Malaysia,www.worldometers.info/world-population/malaysia-population/
Maldives,www.worldometers.info/world-population/maldives-population/
Mali,www.worldometers.info/world-population/mali-population/
Malta,www.worldometers.info/world-population/malta-population/
Marshall Islands,www.worldometers.info/world-population/marshall-islands-population/
Martinique,www.worldometers.info/world-population/martinique-population/
Mauritania,www.worldometers.info/world-population/mauritania-population/
Mauritius,www.worldometers.info/world-population/mauritius-population/
Mayotte,www.worldometers.info/world-population/mayotte-population/
Mexico,www.worldometers.info/world-population/mexico-population/
Micronesia,www.worldometers.info/world-population/micronesia-population/
Moldova,www.worldometers.info/world-population/moldova-population/
Monaco,www.worldometers.info/world-population/monaco-population/
Mongolia,www.worldometers.info/world-population/mongolia-population/
Montenegro,www.worldometers.info/world-population/montenegro-population/
Montserrat,www.worldometers.info/world-population/montserrat-population/
Morocco,www.worldometers.info/world-population/morocco-population/
Mozambique,www.worldometers.info/world-population/mozambique-population/
Myanmar,www.worldometers.info/world-population/myanmar-population/
Namibia,www.worldometers.info/world-population/namibia-population/
Nauru,www.worldometers.info/world-population/nauru-population/
Nepal,www.worldometers.info/world-population/nepal-population/
Netherlands,www.worldometers.info/world-population/netherlands-population/
New Caledonia,www.worldometers.info/world-population/new-caledonia-population/
New Zealand,www.worldometers.info/world-population/new-zealand-population/
Nicaragua,www.worldometers.info/world-population/nicaragua-population/
Niger,www.worldometers.info/world-population/niger-population/
Nigeria,www.worldometers.info/world-population/nigeria-population/
Niue,www.worldometers.info/world-population/niue-population/
North Korea,www.worldometers.info/world-population/north-korea-population/
Northern Mariana Islands,www.worldometers.info/world-population/northern-mariana-islands-population/
Norway,www.worldometers.info/world-population/norway-population/
Oman,www.worldometers.info/world-population/oman-population/
Pakistan,www.worldometers.info/world-population/pakistan-population/
Palau,www.worldometers.info/world-population/palau-population/
Panama,www.worldometers.info/world-population/panama-population/
Papua New Guinea,www.worldometers.info/world-population/papua-new-guinea-population/
Paraguay,www.worldometers.info/world-population/paraguay-population/
Peru,www.worldometers.info/world-population/peru-population/
Philippines,www.worldometers.info/world-population/philippines-population/
Poland,www.worldometers.info/world-population/poland-population/
Portugal,www.worldometers.info/world-population/portugal-population/
Puerto Rico,www.worldometers.info/world-population/puerto-rico-population/
Qatar,www.worldometers.info/world-population/qatar-population/
Romania,www.worldometers.info/world-population/romania-population/
Russia,www.worldometers.info/world-population/russia-population/
Rwanda,www.worldometers.info/world-population/rwanda-population/
Réunion,www.worldometers.info/world-population/reunion-population/
Saint-Barthélemy,www.worldometers.info/world-population/saint-barthelemy-population/
Saint Helena,www.worldometers.info/world-population/saint-helena-population/
Saint Kitts and Nevis,www.worldometers.info/world-population/saint-kitts-and-nevis-population/
Saint Lucia,www.worldometers.info/world-population/saint-lucia-population/
Saint Martin,www.worldometers.info/world-population/saint-martin-population/
Saint Pierre and Miquelon,www.worldometers.info/world-population/saint-pierre-and-miquelon-population/
Samoa,www.worldometers.info/world-population/samoa-population/
San Marino,www.worldometers.info/world-population/san-marino-population/
Sao Tome and Principe,www.worldometers.info/world-population/sao-tome-and-principe-population/
Saudi Arabia,www.worldometers.info/world-population/saudi-arabia-population/
Senegal,www.worldometers.info/world-population/senegal-population/
Serbia,www.worldometers.info/world-population/serbia-population/
Seychelles,www.worldometers.info/world-population/seychelles-population/
Sierra Leone,www.worldometers.info/world-population/sierra-leone-population/
Singapore,www.worldometers.info/world-population/singapore-population/
Sint Maarten,www.worldometers.info/world-population/sint-maarten-population/
Slovakia,www.worldometers.info/world-population/slovakia-population/
Slovenia,www.worldometers.info/world-population/slovenia-population/
Solomon Islands,www.worldometers.info/world-population/solomon-islands-population/
Somalia,www.worldometers.info/world-population/somalia-population/
South Africa,www.worldometers.info/world-population/south-africa-population/
South Korea,www.worldometers.info/world-population/south-korea-population/
South Sudan,www.worldometers.info/world-population/south-sudan-population/
Spain,www.worldometers.info/world-population/spain-population/
Sri Lanka,www.worldometers.info/world-population/sri-lanka-population/
St. Vincent & Grenadines,www.worldometers.info/world-population/saint-vincent-and-the-grenadines-population/
State of Palestine,www.worldometers.info/world-population/state-of-palestine-population/
Sudan,www.worldometers.info/world-population/sudan-population/
Suriname,www.worldometers.info/world-population/suriname-population/
Swaziland,www.worldometers.info/world-population/swaziland-population/
Sweden,www.worldometers.info/world-population/sweden-population/
Switzerland,www.worldometers.info/world-population/switzerland-population/
Syria,www.worldometers.info/world-population/syria-population/
Taiwan,www.worldometers.info/world-population/taiwan-population/
Tajikistan,www.worldometers.info/world-population/tajikistan-population/
Tanzania,www.worldometers.info/world-population/tanzania-population/
North Macedonia,www.worldometers.info/world-population/macedonia-population/
Thailand,www.worldometers.info/world-population/thailand-population/
Timor-Leste,www.worldometers.info/world-population/timor-leste-population/
Togo,www.worldometers.info/world-population/togo-population/
Tokelau,www.worldometers.info/world-population/tokelau-population/
Tonga,www.worldometers.info/world-population/tonga-population/
Trinidad and Tobago,www.worldometers.info/world-population/trinidad-and-tobago-population/
Tunisia,www.worldometers.info/world-population/tunisia-population/
Turkey,www.worldometers.info/world-population/turkey-population/
Turkmenistan,www.worldometers.info/world-population/turkmenistan-population/
Turks and Caicos Islands,www.worldometers.info/world-population/turks-and-caicos-islands-population/
Tuvalu,www.worldometers.info/world-population/tuvalu-population/
U.K.,www.worldometers.info/world-population/uk-population/
Uganda,www.worldometers.info/world-population/uganda-population/
Ukraine,www.worldometers.info/world-population/ukraine-population/
United Arab Emirates,www.worldometers.info/world-population/united-arab-emirates-population/
United States of America (USA),www.worldometers.info/world-population/us-population/
United States Virgin Islands,www.worldometers.info/world-population/united-states-virgin-islands-population/
Uruguay,www.worldometers.info/world-population/uruguay-population/
Uzbekistan,www.worldometers.info/world-population/uzbekistan-population/
Vanuatu,www.worldometers.info/world-population/vanuatu-population/
Venezuela,www.worldometers.info/world-population/venezuela-population/
Vietnam,www.worldometers.info/world-population/vietnam-population/
Wallis and Futuna,www.worldometers.info/world-population/wallis-and-futuna-islands-population/
Western Sahara,www.worldometers.info/world-population/western-sahara-population/
Yemen,www.worldometers.info/world-population/yemen-population/
Zambia,www.worldometers.info/world-population/zambia-population/
Zimbabwe,www.worldometers.info/world-population/zimbabwe-population/
